[{"model": "seller_survey.question", "pk": 4, "fields": {"text": "What is the name of your store?", "qtype": "text", "is_required": true}}, {"model": "seller_survey.question", "pk": 5, "fields": {"text": "What is the balance left on your gift card", "qtype": "text", "is_required": true}}, {"model": "seller_survey.question", "pk": 6, "fields": {"text": "What price are you selling at?", "qtype": "text", "is_required": true}}, {"model": "seller_survey.question", "pk": 7, "fields": {"text": "Which network would you like to receive funds at? {Polygon or Ethereum}", "qtype": "select", "is_required": true}}, {"model": "seller_survey.question", "pk": 8, "fields": {"text": "What address do you want to receive funds at?", "qtype": "text", "is_required": true}}, {"model": "seller_survey.choice", "pk": 4, "fields": {"question": 7, "text": "Polygon"}}, {"model": "seller_survey.choice", "pk": 5, "fields": {"question": 7, "text": "Ethereum"}}, {"model": "seller_survey.answer", "pk": 18, "fields": {"question": 4, "text": "test"}}, {"model": "seller_survey.answer", "pk": 19, "fields": {"question": 4, "text": "test"}}, {"model": "seller_survey.answer", "pk": 20, "fields": {"question": 5, "text": "rer"}}, {"model": "seller_survey.answer", "pk": 21, "fields": {"question": 4, "text": "ewwe"}}, {"model": "seller_survey.answer", "pk": 22, "fields": {"question": 5, "text": "dsed"}}, {"model": "seller_survey.answer", "pk": 23, "fields": {"question": 6, "text": "ewe"}}, {"model": "seller_survey.answer", "pk": 24, "fields": {"question": 7, "text": "ewe"}}, {"model": "seller_survey.answer", "pk": 25, "fields": {"question": 4, "text": "ewwe"}}, {"model": "seller_survey.answer", "pk": 26, "fields": {"question": 4, "text": "ewwe"}}, {"model": "seller_survey.answer", "pk": 27, "fields": {"question": 4, "text": "ewwe"}}, {"model": "seller_survey.answer", "pk": 28, "fields": {"question": 4, "text": "ewwe"}}, {"model": "seller_survey.answer", "pk": 29, "fields": {"question": 4, "text": "ewwe"}}, {"model": "seller_survey.answer", "pk": 30, "fields": {"question": 4, "text": "ewwe"}}, {"model": "seller_survey.answer", "pk": 31, "fields": {"question": 4, "text": "ewwe"}}, {"model": "seller_survey.answer", "pk": 32, "fields": {"question": 4, "text": "dfdf"}}, {"model": "seller_survey.answer", "pk": 33, "fields": {"question": 5, "text": "dsd"}}, {"model": "seller_survey.answer", "pk": 34, "fields": {"question": 4, "text": "dfdf"}}, {"model": "seller_survey.answer", "pk": 35, "fields": {"question": 5, "text": "234"}}, {"model": "seller_survey.answer", "pk": 36, "fields": {"question": 6, "text": "4235"}}, {"model": "seller_survey.answer", "pk": 37, "fields": {"question": 7, "text": "32423"}}, {"model": "seller_survey.answer", "pk": 38, "fields": {"question": 4, "text": "dfdf"}}, {"model": "seller_survey.answer", "pk": 39, "fields": {"question": 5, "text": "dsfsd"}}, {"model": "seller_survey.answer", "pk": 40, "fields": {"question": 6, "text": "sdfad"}}, {"model": "seller_survey.answer", "pk": 41, "fields": {"question": 4, "text": "dsfsd"}}, {"model": "seller_survey.answer", "pk": 42, "fields": {"question": 4, "text": "Some"}}, {"model": "seller_survey.answer", "pk": 43, "fields": {"question": 5, "text": "123"}}, {"model": "seller_survey.answer", "pk": 44, "fields": {"question": 6, "text": "78"}}, {"model": "seller_survey.answer", "pk": 45, "fields": {"question": 4, "text": "Some"}}, {"model": "seller_survey.answer", "pk": 46, "fields": {"question": 5, "text": "33"}}, {"model": "seller_survey.answer", "pk": 47, "fields": {"question": 6, "text": "323"}}, {"model": "seller_survey.answer", "pk": 48, "fields": {"question": 4, "text": "Some"}}, {"model": "seller_survey.answer", "pk": 49, "fields": {"question": 5, "text": "3234"}}, {"model": "seller_survey.answer", "pk": 50, "fields": {"question": 6, "text": "4234"}}, {"model": "seller_survey.answer", "pk": 51, "fields": {"question": 4, "text": "Some"}}, {"model": "seller_survey.answer", "pk": 52, "fields": {"question": 5, "text": "32"}}, {"model": "seller_survey.answer", "pk": 53, "fields": {"question": 6, "text": "33"}}, {"model": "seller_survey.answer", "pk": 54, "fields": {"question": 4, "text": "Some"}}, {"model": "seller_survey.answer", "pk": 55, "fields": {"question": 5, "text": "33"}}, {"model": "seller_survey.answer", "pk": 56, "fields": {"question": 6, "text": "324"}}, {"model": "seller_survey.answer", "pk": 57, "fields": {"question": 4, "text": "Some"}}, {"model": "seller_survey.answer", "pk": 58, "fields": {"question": 5, "text": "4324"}}, {"model": "seller_survey.answer", "pk": 59, "fields": {"question": 6, "text": "34"}}, {"model": "seller_survey.answer", "pk": 60, "fields": {"question": 4, "text": "Some"}}, {"model": "seller_survey.answer", "pk": 61, "fields": {"question": 5, "text": "32"}}, {"model": "seller_survey.answer", "pk": 62, "fields": {"question": 6, "text": "432"}}, {"model": "seller_survey.answer", "pk": 63, "fields": {"question": 4, "text": "Some"}}, {"model": "seller_survey.answer", "pk": 64, "fields": {"question": 5, "text": "323"}}, {"model": "seller_survey.answer", "pk": 65, "fields": {"question": 6, "text": "432"}}, {"model": "seller_survey.answer", "pk": 66, "fields": {"question": 7, "text": "Ethereum"}}, {"model": "seller_survey.answer", "pk": 67, "fields": {"question": 8, "text": "sdjhbsd"}}]